日期,縣市,智能障礙,視覺障礙,聽覺障礙,語言障礙,肢體障礙,身體病弱,嚴重情緒障礙,學習障礙,多重障礙,自閉症,發展遲緩,其他顯著障礙,小計
20081020,南投縣,176,8,8,2,18,17,6,157,7,4,0,5,408
20081020,嘉義市,65,12,22,3,31,20,4,48,5,3,0,10,223
20081020,嘉義縣,171,7,12,3,25,7,2,85,5,3,0,6,326
20081020,基隆市,98,5,8,0,30,15,16,41,8,18,0,2,241
20081020,宜蘭縣,119,6,19,6,28,27,14,173,15,17,0,32,456
20081020,屏東縣,208,8,20,8,36,17,3,156,32,13,0,48,549
20081020,彰化縣,333,20,53,7,57,68,8,412,22,7,0,30,1017
20081020,新北市,518,41,93,6,118,69,34,219,66,104,0,33,1301
20081020,新竹市,205,4,10,3,23,21,10,209,14,21,0,9,529
20081020,新竹縣,101,4,13,1,18,10,6,134,6,3,0,20,316
20081020,桃園市,274,23,64,2,133,39,36,248,48,61,0,55,983
20081020,澎湖縣,43,3,2,0,4,3,0,10,3,0,0,4,72
20081020,臺中市,169,22,56,10,77,73,25,251,22,25,0,20,750
20081020,臺北市,438,39,89,6,191,123,136,386,44,211,0,40,1703
20081020,臺南市,72,17,38,6,43,29,26,313,17,14,0,8,583
20081020,臺東縣,76,5,7,2,23,13,3,100,6,1,0,8,244
20081020,花蓮縣,141,4,5,6,26,28,16,77,14,4,0,7,328
20081020,苗栗縣,204,6,6,4,39,19,4,156,9,7,0,6,460
20081020,連江縣,1,0,0,0,0,0,0,6,0,0,0,0,7
20081020,金門縣,34,0,0,1,4,0,0,13,1,0,0,2,55
20081020,雲林縣,215,15,17,6,41,32,7,87,6,5,0,9,440
20081020,高雄市,219,20,52,14,90,88,29,345,11,38,0,25,931
20090320,南投縣,171,8,9,1,20,17,6,147,7,4,0,6,396
20090320,嘉義市,60,13,22,3,33,21,3,49,5,3,0,9,221
20090320,嘉義縣,171,7,11,3,25,7,3,78,5,3,0,5,318
20090320,基隆市,98,5,7,0,28,15,15,39,8,18,0,2,235
20090320,宜蘭縣,119,7,18,6,28,27,14,162,15,17,0,22,435
20090320,屏東縣,212,8,20,8,35,17,3,152,31,13,0,46,545
20090320,彰化縣,331,19,51,7,58,67,7,395,19,7,0,30,991
20090320,新北市,512,42,89,6,116,69,34,210,62,101,0,32,1273
20090320,新竹市,198,4,10,2,24,18,9,206,15,21,0,9,516
20090320,新竹縣,102,4,12,1,18,10,6,126,5,3,0,18,305
20090320,桃園市,281,23,63,2,131,39,35,240,48,64,0,54,980
20090320,澎湖縣,40,3,2,0,4,3,0,8,2,0,0,4,66
20090320,臺中市,172,21,53,10,77,71,25,246,21,24,0,19,739
20090320,臺北市,442,39,91,6,190,130,130,386,46,215,0,42,1717
20090320,臺南市,73,17,38,6,43,29,25,310,18,14,0,8,581
20090320,臺東縣,78,5,7,2,21,13,2,89,6,1,0,8,232
20090320,花蓮縣,139,4,5,6,26,26,15,74,14,4,0,6,319
20090320,苗栗縣,201,6,6,3,36,19,4,153,10,7,0,4,449
20090320,連江縣,1,0,0,0,0,0,0,6,0,0,0,0,7
20090320,金門縣,33,0,0,1,4,0,0,13,1,0,0,2,54
20090320,雲林縣,214,16,17,6,40,33,6,84,6,6,0,7,435
20090320,高雄市,220,20,54,15,92,98,29,332,12,40,0,24,936
20090601,南投縣,171,8,9,1,20,17,6,146,7,4,0,6,395
20090601,嘉義市,60,13,22,3,33,21,3,47,5,3,0,9,219
20090601,嘉義縣,172,6,11,3,25,7,3,78,5,3,0,5,318
20090601,基隆市,97,5,6,0,29,15,14,39,8,18,0,2,233
20090601,宜蘭縣,106,7,16,6,27,27,15,158,15,16,0,20,413
20090601,屏東縣,213,8,20,9,35,17,3,147,31,13,0,43,539
20090601,彰化縣,322,19,52,8,58,64,8,390,19,7,0,30,977
20090601,新北市,509,41,87,6,115,68,29,203,61,100,0,32,1251
20090601,新竹市,194,4,10,2,24,18,9,199,15,21,0,8,504
20090601,新竹縣,100,4,12,1,18,10,6,125,5,3,0,17,301
20090601,桃園市,280,23,63,2,131,39,33,240,48,63,0,54,976
20090601,澎湖縣,40,3,1,0,4,3,0,7,2,0,0,4,64
20090601,臺中市,171,21,50,10,74,70,25,242,21,23,0,19,726
20090601,臺北市,446,40,90,6,191,132,127,384,47,215,0,42,1720
20090601,臺南市,73,18,39,6,43,31,24,307,18,14,0,8,581
20090601,臺東縣,76,5,7,2,21,13,2,90,6,1,0,8,231
20090601,花蓮縣,136,4,5,6,26,26,15,74,13,4,0,6,315
20090601,苗栗縣,202,6,6,3,36,20,4,153,10,7,0,4,451
20090601,連江縣,1,0,0,0,0,0,0,6,0,0,0,0,7
20090601,金門縣,32,0,0,1,4,0,0,13,1,0,0,3,54
20090601,雲林縣,212,16,17,6,40,33,6,81,6,6,0,7,430
20090601,高雄市,219,20,54,15,92,99,28,330,12,42,0,23,934
20091020,南投縣,194,8,11,2,25,18,12,138,12,6,0,6,432
20091020,嘉義市,74,13,23,1,25,17,4,59,7,4,0,13,240
20091020,嘉義縣,156,4,10,3,20,7,3,84,4,5,0,5,301
20091020,基隆市,94,9,10,2,25,20,24,40,12,16,0,3,255
20091020,宜蘭縣,126,8,19,8,25,27,17,199,13,23,0,18,483
20091020,屏東縣,228,10,21,6,35,18,3,144,48,15,0,25,553
20091020,彰化縣,341,17,59,7,63,69,19,397,17,8,0,24,1021
20091020,新北市,520,33,65,7,110,68,40,269,72,132,0,27,1343
20091020,新竹市,196,6,12,4,27,21,16,255,22,26,0,11,596
20091020,新竹縣,114,4,14,0,19,12,8,133,8,8,0,17,337
20091020,桃園市,336,26,55,5,103,29,34,235,56,76,0,66,1021
20091020,澎湖縣,48,3,1,0,6,4,0,4,4,0,0,3,73
20091020,臺中市,172,21,57,11,80,60,48,299,15,27,0,20,810
20091020,臺北市,418,42,102,5,199,159,140,435,60,268,0,26,1854
20091020,臺南市,75,17,44,6,45,50,36,337,13,18,0,8,649
20091020,臺東縣,96,2,3,2,13,10,4,114,8,2,0,13,267
20091020,花蓮縣,132,5,5,1,21,28,14,87,11,8,0,5,317
20091020,苗栗縣,212,7,13,2,24,27,5,168,12,6,0,5,481
20091020,連江縣,1,1,0,0,0,0,0,3,1,0,0,0,6
20091020,金門縣,36,0,1,0,4,0,1,13,3,2,0,3,63
20091020,雲林縣,227,19,20,6,36,35,9,117,6,5,0,7,487
20091020,高雄市,255,19,55,8,92,96,24,402,23,49,0,21,1044
20100322,南投縣,189,8,11,2,28,19,0,134,11,9,0,6,428
20100322,嘉義市,67,13,22,0,27,15,0,59,7,4,0,14,232
20100322,嘉義縣,149,4,10,3,21,6,0,82,5,5,0,6,294
20100322,基隆市,95,8,11,2,28,20,0,34,11,15,0,4,248
20100322,宜蘭縣,130,8,18,8,28,27,0,193,13,23,0,17,480
20100322,屏東縣,229,10,21,6,36,20,0,139,49,15,0,24,551
20100322,彰化縣,339,18,58,6,64,67,0,382,19,8,0,24,1002
20100322,新北市,516,32,66,7,110,66,0,266,71,133,0,26,1338
20100322,新竹市,196,6,12,5,29,21,0,247,21,27,0,11,589
20100322,新竹縣,112,4,14,0,20,12,0,126,9,9,0,17,331
20100322,桃園市,346,27,57,6,111,29,0,228,57,82,0,75,1059
20100322,澎湖縣,46,3,1,0,5,4,0,4,4,0,0,3,70
20100322,臺中市,172,21,58,12,85,62,0,295,18,28,0,17,814
20100322,臺北市,417,42,98,4,196,161,0,414,60,269,0,27,1807
20100322,臺南市,76,17,44,6,47,51,0,334,13,20,0,7,649
20100322,臺東縣,96,2,3,1,14,9,0,112,8,2,0,11,262
20100322,花蓮縣,129,5,5,1,18,27,0,86,11,8,0,5,309
20100322,苗栗縣,205,7,14,2,24,28,0,166,11,6,0,7,474
20100322,連江縣,1,1,0,0,0,0,0,3,1,0,0,0,6
20100322,金門縣,33,0,1,0,3,0,0,13,3,2,0,3,59
20100322,雲林縣,227,19,20,6,38,36,0,114,6,6,0,8,487
20100322,高雄市,258,18,55,8,108,102,0,392,24,52,0,21,1066
20100528,南投縣,189,8,11,2,29,19,0,134,11,8,0,7,429
20100528,嘉義市,67,13,22,0,27,14,0,58,7,4,0,14,230
20100528,嘉義縣,148,4,10,3,21,6,0,81,5,5,0,6,292
20100528,基隆市,95,8,11,3,29,19,0,33,11,15,0,4,249
20100528,宜蘭縣,127,8,18,7,30,27,0,188,13,23,0,17,470
20100528,屏東縣,227,10,21,6,36,20,0,138,48,15,0,24,547
20100528,彰化縣,337,18,58,6,65,63,0,381,19,8,0,23,993
20100528,新北市,512,32,66,7,110,65,0,263,71,132,0,28,1329
20100528,新竹市,193,6,12,5,29,20,0,243,21,26,0,11,580
20100528,新竹縣,113,4,14,0,20,12,0,126,9,9,0,17,332
20100528,桃園市,344,24,55,6,110,28,0,228,57,83,0,76,1051
20100528,澎湖縣,36,3,1,0,5,4,0,4,4,0,0,3,60
20100528,臺中市,172,21,58,12,84,62,0,293,18,28,0,18,810
20100528,臺北市,418,42,98,4,195,161,0,411,60,268,0,27,1807
20100528,臺南市,76,17,44,6,47,50,0,334,13,20,0,7,646
20100528,臺東縣,95,2,3,1,14,9,0,112,8,2,0,12,262
20100528,花蓮縣,121,5,5,1,18,27,0,83,11,8,0,5,297
20100528,苗栗縣,205,7,15,3,24,29,0,160,11,7,0,7,473
20100528,連江縣,1,1,0,0,0,0,0,3,1,0,0,0,6
20100528,金門縣,33,0,1,0,4,0,0,13,3,2,0,3,60
20100528,雲林縣,221,19,20,6,39,36,0,113,6,6,0,8,481
20100528,高雄市,256,18,55,8,108,101,0,388,24,52,0,21,1059
20101020,南投縣,218,9,14,4,25,20,0,143,13,14,0,0,486
20101020,嘉義市,81,14,20,1,19,9,0,77,12,4,0,0,257
20101020,嘉義縣,152,3,10,3,17,8,0,111,3,5,0,0,323
20101020,基隆市,91,9,10,4,19,16,0,41,14,19,0,0,247
20101020,宜蘭縣,132,7,20,7,23,31,0,218,18,34,0,0,541
20101020,屏東縣,261,7,19,3,35,26,0,129,53,17,0,0,563
20101020,彰化縣,376,21,53,8,65,55,0,378,21,10,0,0,1046
20101020,新北市,580,27,80,8,110,81,0,345,77,159,0,0,1551
20101020,新竹市,200,8,14,5,32,24,0,258,31,32,0,0,633
20101020,新竹縣,140,3,13,0,20,11,0,140,11,11,0,0,370
20101020,桃園市,399,30,63,10,110,19,0,273,59,111,0,0,1205
20101020,澎湖縣,41,3,2,0,4,4,0,3,4,1,0,0,66
20101020,臺中市,168,23,56,10,84,65,0,286,22,43,0,0,831
20101020,臺北市,422,41,112,7,193,166,0,555,58,332,0,0,2087
20101020,臺南市,67,22,42,7,45,57,0,381,14,19,0,0,693
20101020,臺東縣,98,3,4,2,10,11,0,130,10,2,0,0,280
20101020,花蓮縣,142,6,5,1,18,25,0,94,16,11,0,0,343
20101020,苗栗縣,216,10,16,4,16,29,0,195,13,10,0,0,522
20101020,連江縣,0,0,0,0,0,0,0,1,1,0,0,0,3
20101020,金門縣,37,1,1,1,3,1,0,21,6,5,0,0,79
20101020,雲林縣,240,16,18,7,33,36,0,157,7,6,0,0,545
20101020,高雄市,277,26,60,8,118,96,0,482,26,68,0,0,1212
20110321,南投縣,215,9,14,4,24,21,0,137,13,14,0,0,479
20110321,嘉義市,73,13,19,1,19,10,0,59,12,4,0,0,229
20110321,嘉義縣,153,3,10,3,17,8,0,105,3,5,0,0,318
20110321,基隆市,91,9,11,4,22,19,0,39,14,20,0,0,257
20110321,宜蘭縣,134,8,18,7,24,34,0,207,19,34,0,0,534
20110321,屏東縣,259,7,20,4,47,25,0,122,55,15,0,0,568
20110321,彰化縣,370,21,54,9,68,54,0,367,21,11,0,0,1028
20110321,新北市,564,28,80,8,107,82,0,335,74,161,0,0,1524
20110321,新竹市,195,8,14,5,33,25,0,252,30,35,0,0,630
20110321,新竹縣,139,3,13,0,20,11,0,140,12,10,0,0,368
20110321,桃園市,399,29,63,11,114,18,0,262,61,113,0,0,1213
20110321,澎湖縣,41,3,2,0,5,4,0,3,4,1,0,0,67
20110321,臺中市,575,49,95,25,181,166,0,850,58,72,0,0,2254
20110321,臺北市,426,42,113,7,191,173,0,544,56,339,0,0,2093
20110321,臺南市,372,35,60,17,93,100,0,793,34,31,0,0,1603
20110321,臺東縣,97,3,4,2,11,10,0,127,10,3,0,0,277
20110321,花蓮縣,135,6,6,1,19,24,0,89,16,12,0,0,333
20110321,苗栗縣,206,10,16,4,17,30,0,185,14,9,0,0,504
20110321,連江縣,0,0,0,0,0,0,0,1,1,0,0,0,4
20110321,金門縣,36,1,1,1,4,2,0,20,6,4,0,0,78
20110321,雲林縣,232,16,19,5,33,37,0,148,7,6,0,0,526
20110321,高雄市,571,35,77,14,172,153,0,806,43,84,0,0,2036
20110530,南投縣,211,9,13,4,24,21,0,135,13,15,0,0,470
20110530,嘉義市,73,13,19,1,19,9,0,57,12,3,0,0,224
20110530,嘉義縣,152,3,10,3,17,8,0,103,3,5,0,0,315
20110530,基隆市,92,9,11,4,21,19,0,37,14,22,0,0,257
20110530,宜蘭縣,134,8,18,7,24,34,0,208,19,32,0,0,532
20110530,屏東縣,258,7,20,3,46,25,0,118,54,17,0,0,562
20110530,彰化縣,369,21,55,9,68,54,0,366,21,11,0,0,1027
20110530,新北市,563,28,79,7,108,82,0,331,73,157,0,0,1508
20110530,新竹市,191,8,14,5,31,24,0,248,30,31,0,0,615
20110530,新竹縣,139,3,13,0,20,11,0,138,12,10,0,0,366
20110530,桃園市,397,29,63,11,113,18,0,262,61,111,0,0,1208
20110530,澎湖縣,41,3,2,0,5,4,0,3,4,1,0,0,67
20110530,臺中市,572,46,95,25,177,162,0,849,58,71,0,0,2237
20110530,臺北市,430,42,111,7,196,159,0,540,56,338,0,0,2069
20110530,臺南市,373,35,60,18,93,101,0,791,33,31,0,0,1603
20110530,臺東縣,94,3,4,2,11,10,0,124,10,3,0,0,271
20110530,花蓮縣,133,6,6,1,18,24,0,85,16,12,0,0,328
20110530,苗栗縣,200,10,16,4,16,30,0,185,14,9,0,0,498
20110530,連江縣,0,0,0,0,0,0,0,1,1,0,0,0,4
20110530,金門縣,37,1,1,1,4,2,0,20,7,4,0,0,80
20110530,雲林縣,231,16,19,5,33,37,0,147,7,6,0,0,524
20110530,高雄市,570,34,77,13,171,154,0,799,43,84,0,0,2025
20111020,南投縣,225,9,10,5,28,16,0,151,23,13,0,0,506
20111020,嘉義市,75,14,13,3,27,11,0,80,11,6,0,0,255
20111020,嘉義縣,136,2,5,2,16,9,0,126,5,4,0,0,314
20111020,基隆市,91,12,8,6,19,16,0,45,12,21,0,0,263
20111020,宜蘭縣,130,7,18,6,25,28,0,202,19,42,0,0,524
20111020,屏東縣,251,10,21,4,45,26,0,77,47,21,0,0,513
20111020,彰化縣,406,22,48,7,57,46,0,367,22,11,0,0,1049
20111020,新北市,606,23,71,8,103,85,0,404,65,211,0,0,1674
20111020,新竹市,183,8,13,5,25,16,0,284,32,27,0,0,625
20111020,新竹縣,160,3,17,0,22,9,0,169,15,12,0,0,431
20111020,桃園市,429,29,78,12,106,18,0,358,72,118,0,0,1393
20111020,澎湖縣,44,0,3,0,6,2,0,4,4,3,0,0,70
20111020,臺中市,602,42,93,22,169,158,0,859,68,107,0,0,2370
20111020,臺北市,402,47,99,6,204,156,0,699,64,438,0,0,2331
20111020,臺南市,400,29,70,16,101,102,0,841,36,43,0,0,1712
20111020,臺東縣,95,3,5,1,13,7,0,130,7,4,0,0,275
20111020,花蓮縣,140,7,8,1,20,20,0,97,12,16,0,0,346
20111020,苗栗縣,229,11,14,6,19,19,0,203,12,6,0,0,537
20111020,連江縣,0,1,0,0,0,0,0,0,1,0,0,0,3
20111020,金門縣,36,1,1,1,3,1,0,24,11,4,0,0,85
20111020,雲林縣,253,11,24,6,38,34,0,194,9,4,0,0,600
20111020,高雄市,578,36,68,9,163,140,0,868,56,118,0,0,2115
20120320,南投縣,225,9,10,5,31,16,0,148,23,11,0,0,506
20120320,嘉義市,70,14,12,3,27,11,0,73,11,6,0,0,242
20120320,嘉義縣,123,2,5,2,16,9,0,121,5,4,0,0,296
20120320,基隆市,93,10,8,6,19,18,0,44,15,21,0,0,267
20120320,宜蘭縣,127,7,18,5,26,32,0,197,19,42,0,0,518
20120320,屏東縣,259,9,22,4,44,28,0,72,47,22,0,0,518
20120320,彰化縣,404,23,47,7,57,44,0,355,22,10,0,0,1034
20120320,新北市,598,25,71,8,104,87,0,393,65,208,0,0,1657
20120320,新竹市,179,8,13,5,25,17,0,277,32,26,0,0,616
20120320,新竹縣,156,3,17,0,23,9,0,167,14,12,0,0,426
20120320,桃園市,434,30,81,13,110,19,0,347,68,117,0,0,1395
20120320,澎湖縣,42,0,3,0,6,2,0,4,4,3,0,0,68
20120320,臺中市,590,42,91,22,170,154,0,820,68,105,0,0,2302
20120320,臺北市,398,45,99,6,204,164,0,685,64,443,0,0,2314
20120320,臺南市,398,29,70,17,100,103,0,815,37,43,0,0,1690
20120320,臺東縣,96,3,5,1,13,6,0,120,7,4,0,0,264
20120320,花蓮縣,137,7,7,1,21,20,0,94,12,16,0,0,339
20120320,苗栗縣,228,11,15,6,19,21,0,195,12,6,0,0,530
20120320,連江縣,0,1,0,0,0,0,0,1,1,0,0,0,4
20120320,金門縣,34,1,1,1,3,1,0,22,11,4,0,0,81
20120320,雲林縣,250,11,25,6,37,34,0,189,9,4,0,0,594
20120320,高雄市,567,38,69,9,166,149,0,844,54,123,0,0,2099
20120528,南投縣,222,9,10,5,32,16,0,146,21,12,0,0,501
20120528,嘉義市,71,14,12,3,27,10,0,74,11,6,0,0,243
20120528,嘉義縣,121,2,6,2,16,9,0,123,5,4,0,0,298
20120528,基隆市,92,10,7,6,19,19,0,43,15,21,0,0,265
20120528,宜蘭縣,127,7,18,5,25,31,0,190,18,41,0,0,506
20120528,屏東縣,259,9,22,5,47,28,0,75,47,22,0,0,530
20120528,彰化縣,403,23,47,8,56,46,0,359,22,10,0,0,1037
20120528,新北市,594,24,70,8,104,86,0,392,65,208,0,0,1652
20120528,新竹市,178,8,13,5,24,18,0,279,32,26,0,0,617
20120528,新竹縣,159,3,17,0,23,9,0,166,14,12,0,0,429
20120528,桃園市,429,30,80,13,111,19,0,348,68,116,0,0,1389
20120528,澎湖縣,42,0,3,0,6,2,0,4,4,3,0,0,68
20120528,臺中市,591,43,90,22,171,151,0,820,67,106,0,0,2299
20120528,臺北市,399,45,99,6,206,166,0,686,64,446,0,0,2323
20120528,臺南市,399,29,69,17,100,106,0,823,37,46,0,0,1702
20120528,臺東縣,96,3,6,1,13,6,0,119,7,4,0,0,263
20120528,花蓮縣,137,7,7,1,21,20,0,92,12,16,0,0,338
20120528,苗栗縣,240,11,15,6,21,26,0,205,13,6,0,0,561
20120528,連江縣,0,1,0,0,0,0,0,1,1,0,0,0,4
20120528,金門縣,34,1,1,1,3,1,0,23,11,4,0,0,82
20120528,雲林縣,245,11,25,7,37,33,0,182,9,4,0,0,583
20120528,高雄市,564,38,70,9,167,151,0,843,51,124,0,0,2096
20121020,南投縣,232,8,15,5,29,18,0,167,24,10,0,0,533
20121020,嘉義市,85,14,11,3,31,15,0,110,11,12,0,0,312
20121020,嘉義縣,134,2,7,2,22,10,0,174,5,7,0,0,374
20121020,基隆市,96,11,6,5,13,20,0,44,18,25,0,0,276
20121020,宜蘭縣,132,9,22,3,23,30,0,216,22,45,0,0,560
20121020,屏東縣,250,8,21,1,30,29,0,108,36,24,0,0,514
20121020,彰化縣,423,21,49,8,57,50,0,377,26,16,0,0,1114
20121020,新北市,633,25,81,7,116,89,0,471,58,271,0,0,1873
20121020,新竹市,183,9,12,1,26,21,0,318,29,39,0,0,669
20121020,新竹縣,165,3,17,0,25,8,0,188,16,15,0,0,464
20121020,桃園市,453,28,78,12,115,21,0,474,66,136,0,0,1593
20121020,澎湖縣,38,0,3,0,4,2,0,4,4,3,0,0,62
20121020,臺中市,650,44,87,15,133,135,0,770,79,135,0,0,2286
20121020,臺北市,405,50,99,8,195,143,0,881,66,502,0,0,2590
20121020,臺南市,438,32,78,18,92,83,0,841,51,49,0,0,1760
20121020,臺東縣,91,2,5,2,11,10,0,129,6,6,0,0,273
20121020,花蓮縣,158,6,8,2,22,18,0,106,13,18,0,0,376
20121020,苗栗縣,253,8,8,3,22,18,0,251,13,8,0,0,603
20121020,連江縣,1,1,0,0,0,0,0,3,0,0,0,0,6
20121020,金門縣,36,1,0,1,2,0,0,29,10,6,0,0,89
20121020,雲林縣,246,6,20,4,38,29,0,217,16,5,0,0,620
20121020,高雄市,639,41,75,12,161,131,0,894,49,161,0,0,2238
20130320,南投縣,221,8,16,5,32,19,0,157,21,11,0,0,514
20130320,嘉義市,87,13,10,3,32,17,0,109,11,12,0,0,313
20130320,嘉義縣,133,2,7,2,21,9,0,173,6,7,0,0,372
20130320,基隆市,97,10,6,4,9,19,0,43,19,25,0,0,271
20130320,宜蘭縣,126,9,23,3,22,31,0,199,21,44,0,0,535
20130320,屏東縣,244,8,22,1,30,29,0,107,36,25,0,0,508
20130320,彰化縣,417,22,48,7,57,50,0,358,25,16,0,0,1080
20130320,新北市,623,25,80,7,117,90,0,462,57,270,0,0,1857
20130320,新竹市,180,9,12,1,26,21,0,315,29,38,0,0,661
20130320,新竹縣,166,3,17,0,23,8,0,180,16,14,0,0,455
20130320,桃園市,447,28,80,12,116,22,0,462,66,143,0,0,1594
20130320,澎湖縣,39,0,3,0,4,2,0,4,5,3,0,0,64
20130320,臺中市,640,47,86,14,128,131,0,746,78,132,0,0,2238
20130320,臺北市,405,51,100,7,194,136,0,868,67,503,0,0,2551
20130320,臺南市,419,33,78,18,97,83,0,828,52,50,0,0,1737
20130320,臺東縣,85,2,4,2,11,10,0,122,6,6,0,0,259
20130320,花蓮縣,151,6,8,2,22,20,0,96,12,18,0,0,360
20130320,苗栗縣,232,7,8,3,22,18,0,241,12,9,0,0,569
20130320,連江縣,1,1,0,0,0,0,0,3,0,0,0,0,6
20130320,金門縣,36,1,0,1,2,0,0,29,10,6,0,0,89
20130320,雲林縣,246,6,20,4,38,31,0,203,17,5,0,0,608
20130320,高雄市,627,43,74,13,162,131,0,881,48,164,0,0,2216
20130528,南投縣,220,8,16,5,32,19,0,155,20,11,0,0,510
20130528,嘉義市,87,13,10,3,33,16,0,106,11,12,0,0,309
20130528,嘉義縣,133,2,7,2,21,9,0,173,6,7,0,0,372
20130528,基隆市,97,10,6,4,9,19,0,43,19,25,0,0,273
20130528,宜蘭縣,126,9,22,3,21,31,0,198,21,43,0,0,529
20130528,屏東縣,242,8,22,1,30,28,0,100,35,26,0,0,499
20130528,彰化縣,415,21,48,7,57,49,0,350,25,15,0,0,1066
20130528,新北市,621,25,80,7,117,88,0,452,57,269,0,0,1843
20130528,新竹市,180,8,12,1,26,21,0,312,29,36,0,0,655
20130528,新竹縣,166,3,17,0,23,8,0,180,16,14,0,0,455
20130528,桃園市,440,27,79,12,116,22,0,459,66,143,0,0,1578
20130528,澎湖縣,39,0,3,0,4,1,0,4,4,3,0,0,61
20130528,臺中市,638,47,86,14,128,130,0,745,77,132,0,0,2229
20130528,臺北市,408,50,100,7,150,135,0,861,58,505,0,0,2560
20130528,臺南市,420,34,77,17,97,83,0,822,52,50,0,0,1730
20130528,臺東縣,84,2,4,2,11,10,0,118,6,7,0,0,255
20130528,花蓮縣,145,6,8,2,21,20,0,89,12,18,0,0,346
20130528,苗栗縣,234,7,8,3,22,19,0,239,12,10,0,0,569
20130528,連江縣,1,1,0,0,0,0,0,3,0,0,0,0,6
20130528,金門縣,36,1,0,1,2,0,0,29,10,6,0,0,89
20130528,雲林縣,245,6,20,4,38,31,0,203,17,5,0,0,607
20130528,高雄市,623,43,75,13,164,131,0,859,48,164,0,0,2191
20131021,南投縣,224,9,19,3,30,25,0,165,25,16,0,0,550
20131021,嘉義市,94,12,12,5,39,19,0,143,12,13,0,0,371
20131021,嘉義縣,114,2,8,0,25,12,0,186,4,6,0,0,376
20131021,基隆市,100,8,8,3,15,20,0,40,16,23,0,0,279
20131021,宜蘭縣,114,10,18,1,19,22,0,193,16,58,0,0,499
20131021,屏東縣,247,12,27,1,39,28,0,112,27,28,0,0,529
20131021,彰化縣,440,19,39,11,58,39,0,372,27,21,0,0,1115
20131021,新北市,635,28,59,6,121,82,0,520,63,339,0,0,1986
20131021,新竹市,156,7,11,1,23,17,0,378,20,51,0,0,698
20131021,新竹縣,165,4,18,1,26,11,0,217,19,15,0,0,516
20131021,桃園市,508,28,81,9,115,19,0,550,78,166,0,0,1844
20131021,澎湖縣,37,0,5,0,4,0,0,8,8,4,0,0,73
20131021,臺中市,694,40,83,18,116,106,0,714,79,172,0,0,2255
20131021,臺北市,400,43,98,7,156,129,0,1031,47,569,0,0,2792
20131021,臺南市,470,28,89,13,97,86,0,796,52,57,0,0,1778
20131021,臺東縣,100,3,4,2,11,7,0,135,6,9,0,0,290
20131021,花蓮縣,161,8,14,3,25,16,0,148,10,20,0,0,433
20131021,苗栗縣,266,5,9,3,23,22,0,302,13,13,0,0,674
20131021,連江縣,4,0,0,0,0,0,0,5,0,1,0,0,11
20131021,金門縣,27,0,1,0,3,0,0,28,8,6,0,0,76
20131021,雲林縣,281,4,16,7,38,25,0,220,18,7,0,0,664
20131021,高雄市,663,30,72,11,156,125,0,952,48,206,0,0,2349
20140320,南投縣,210,7,19,2,25,30,0,161,23,19,0,0,526
20140320,嘉義市,87,11,14,5,39,16,0,127,12,14,0,0,341
20140320,嘉義縣,112,2,8,0,26,14,0,184,4,7,0,0,375
20140320,基隆市,99,8,5,3,16,22,0,39,15,22,0,0,273
20140320,宜蘭縣,113,10,18,1,20,21,0,187,15,56,0,0,487
20140320,屏東縣,237,13,27,1,39,28,0,107,26,28,0,0,517
20140320,彰化縣,440,19,39,11,59,23,0,356,27,20,0,0,1079
20140320,新北市,639,28,59,6,112,84,0,516,62,338,0,0,1984
20140320,新竹市,156,7,11,1,24,17,0,362,20,52,0,0,682
20140320,新竹縣,164,4,18,1,28,12,0,214,19,15,0,0,511
20140320,桃園市,475,27,81,9,112,20,0,533,75,165,0,0,1795
20140320,澎湖縣,36,0,5,0,4,0,0,9,8,5,0,0,74
20140320,臺中市,676,40,85,18,115,91,0,709,75,174,0,0,2214
20140320,臺北市,394,43,97,7,150,132,0,1011,47,565,0,0,2749
20140320,臺南市,470,29,88,14,96,91,0,779,52,59,0,0,1766
20140320,臺東縣,103,4,5,2,10,7,0,126,6,8,0,0,285
20140320,花蓮縣,147,8,15,2,25,12,0,131,12,22,0,0,401
20140320,苗栗縣,263,5,8,3,23,21,0,301,12,13,0,0,663
20140320,連江縣,4,0,0,0,0,0,0,5,0,1,0,0,12
20140320,金門縣,27,0,1,0,3,1,0,26,8,6,0,0,74
20140320,雲林縣,269,4,16,7,38,26,0,206,17,7,0,0,634
20140320,高雄市,664,29,69,11,158,131,0,929,46,209,0,0,2328
20140528,南投縣,209,7,19,2,22,29,0,162,23,20,0,0,519
20140528,嘉義市,87,11,14,4,36,19,0,110,12,15,0,0,320
20140528,嘉義縣,100,2,8,0,27,14,0,149,4,7,0,0,326
20140528,基隆市,98,8,5,4,16,22,0,35,15,23,0,0,268
20140528,宜蘭縣,110,10,16,0,20,19,0,178,15,54,0,0,464
20140528,屏東縣,237,12,25,0,40,24,0,102,24,28,0,0,507
20140528,彰化縣,400,17,39,9,53,17,0,315,21,20,0,0,964
20140528,新北市,637,28,59,6,112,84,0,516,62,337,0,0,1981
20140528,新竹市,158,7,11,1,23,15,0,350,20,50,0,0,669
20140528,新竹縣,161,3,16,1,28,11,0,188,18,16,0,0,477
20140528,桃園市,470,26,80,9,103,28,0,475,73,167,0,0,1710
20140528,澎湖縣,35,0,4,0,4,0,0,7,8,5,0,0,66
20140528,臺中市,653,41,86,18,98,72,0,638,53,184,0,0,2061
20140528,臺北市,389,43,96,6,147,128,0,993,46,559,0,0,2698
20140528,臺南市,470,29,88,13,94,93,0,722,53,60,0,0,1704
20140528,臺東縣,102,4,5,2,10,3,0,122,6,8,0,0,274
20140528,花蓮縣,146,7,16,2,25,12,0,115,13,22,0,0,379
20140528,苗栗縣,256,6,8,3,24,23,0,291,13,13,0,0,647
20140528,連江縣,3,0,0,0,0,0,0,5,1,0,0,0,10
20140528,金門縣,25,0,1,0,2,1,0,20,8,6,0,0,65
20140528,雲林縣,253,3,15,6,38,27,0,173,17,7,0,0,581
20140528,高雄市,664,27,69,11,157,133,0,918,47,210,0,0,2318
20141020,南投縣,196,3,24,2,19,22,0,190,19,24,0,0,522
20141020,嘉義市,99,9,15,6,28,22,0,132,12,19,0,0,354
20141020,嘉義縣,110,3,7,0,22,8,0,180,2,10,0,0,361
20141020,基隆市,107,4,3,3,20,16,0,36,14,22,0,0,270
20141020,宜蘭縣,106,8,15,2,15,11,0,221,13,59,0,0,497
20141020,屏東縣,255,9,27,1,37,26,0,178,22,27,0,0,599
20141020,彰化縣,413,12,35,14,57,27,0,349,28,23,0,0,1047
20141020,新北市,651,30,63,12,112,91,0,588,65,378,0,0,2133
20141020,新竹市,146,12,13,1,20,15,0,406,24,73,0,0,763
20141020,新竹縣,168,4,9,1,18,14,0,229,17,23,0,0,526
20141020,桃園市,497,20,61,9,94,31,0,678,71,189,0,0,1923
20141020,澎湖縣,38,0,2,0,4,2,0,10,6,4,0,0,70
20141020,臺中市,680,41,87,10,96,61,0,622,52,191,0,0,2069
20141020,臺北市,390,35,99,8,121,110,0,1078,39,577,0,0,2779
20141020,臺南市,467,25,82,10,94,80,0,812,50,66,0,0,1776
20141020,臺東縣,104,5,4,2,6,5,0,121,6,8,0,0,273
20141020,花蓮縣,172,5,12,4,20,20,0,135,9,23,0,0,416
20141020,苗栗縣,242,6,11,6,22,27,0,403,10,20,0,0,762
20141020,連江縣,3,0,0,0,0,0,0,6,1,0,0,0,11
20141020,金門縣,21,0,3,0,4,1,0,25,5,7,0,0,68
20141020,雲林縣,271,4,7,3,36,22,0,245,18,9,0,0,659
20141020,高雄市,693,27,78,11,142,126,0,973,43,226,0,0,2414
20150320,南投縣,191,3,23,2,17,20,0,166,19,23,0,0,487
20150320,嘉義市,98,8,15,6,28,23,0,126,12,18,0,0,346
20150320,嘉義縣,104,3,6,0,22,6,0,158,2,10,0,0,330
20150320,基隆市,107,5,3,3,20,16,0,36,13,22,0,0,276
20150320,宜蘭縣,102,8,15,2,15,13,0,203,12,63,0,0,478
20150320,屏東縣,248,9,25,1,38,30,0,167,21,28,0,0,584
20150320,彰化縣,401,12,37,13,54,21,0,330,23,25,0,0,1005
20150320,新北市,646,31,65,12,110,92,0,573,63,380,0,0,2118
20150320,新竹市,142,12,12,1,20,15,0,399,24,71,0,0,748
20150320,新竹縣,166,4,10,1,19,14,0,220,16,20,0,0,510
20150320,桃園市,486,20,62,8,92,35,0,663,70,188,0,0,1902
20150320,澎湖縣,36,0,2,0,2,0,0,6,6,3,0,0,59
20150320,臺中市,620,42,84,9,89,49,0,553,48,177,0,0,1890
20150320,臺北市,381,35,97,8,124,101,0,1054,39,575,0,0,2733
20150320,臺南市,465,25,83,10,92,82,0,789,52,67,0,0,1756
20150320,臺東縣,101,6,4,2,6,4,0,115,6,8,0,0,265
20150320,花蓮縣,165,5,12,4,20,20,0,127,9,22,0,0,403
20150320,苗栗縣,236,6,12,6,23,27,0,383,9,22,0,0,738
20150320,連江縣,3,0,0,0,0,0,0,6,1,0,0,0,11
20150320,金門縣,22,0,3,0,3,1,0,17,5,7,0,0,61
20150320,雲林縣,268,4,7,3,35,23,0,221,20,9,0,0,633
20150320,高雄市,690,29,78,10,134,129,0,941,40,228,0,0,2374
20150528,南投縣,185,3,20,2,15,18,0,142,15,23,0,0,446
20150528,嘉義市,95,6,16,5,27,23,0,107,10,20,0,0,322
20150528,嘉義縣,102,3,6,0,21,6,0,141,2,10,0,0,306
20150528,基隆市,110,5,3,3,20,17,0,33,14,24,0,0,282
20150528,宜蘭縣,102,8,15,2,15,14,0,198,11,62,0,0,470
20150528,屏東縣,253,9,24,0,36,36,0,153,21,31,0,0,580
20150528,彰化縣,401,13,39,13,48,14,0,286,19,24,0,0,944
20150528,新北市,645,31,65,11,110,88,0,570,62,379,0,0,2106
20150528,新竹市,143,12,12,1,20,15,0,393,20,73,0,0,737
20150528,新竹縣,162,4,10,1,20,12,0,208,15,21,0,0,494
20150528,桃園市,485,20,63,8,88,39,0,634,71,189,0,0,1878
20150528,澎湖縣,40,0,2,0,2,0,0,6,6,3,0,0,62
20150528,臺中市,578,42,83,8,75,46,0,496,42,184,0,0,1788
20150528,臺北市,379,35,97,8,123,103,0,1053,39,579,0,0,2727
20150528,臺南市,462,26,83,9,88,86,0,766,55,68,0,0,1735
20150528,臺東縣,101,6,4,2,6,2,0,112,6,8,0,0,263
20150528,花蓮縣,157,4,12,4,17,16,0,117,9,23,0,0,378
20150528,苗栗縣,234,5,11,4,22,24,0,376,11,22,0,0,723
20150528,連江縣,3,0,0,0,0,0,0,7,1,0,0,0,12
20150528,金門縣,23,0,3,0,1,1,0,18,5,7,0,0,60
20150528,雲林縣,265,4,8,3,36,22,0,219,20,9,0,0,630
20150528,高雄市,681,29,78,10,135,128,0,929,40,229,0,0,2350
20151021,南投縣,183,3,20,1,21,16,0,171,11,32,0,0,494
20151021,嘉義市,103,9,18,5,25,22,0,145,9,20,0,0,377
20151021,嘉義縣,102,3,3,0,12,5,0,154,2,8,0,0,303
20151021,基隆市,108,4,6,2,21,18,0,49,7,25,0,0,296
20151021,宜蘭縣,99,7,16,4,15,13,0,221,7,70,0,0,506
20151021,屏東縣,283,7,19,0,34,34,0,180,21,33,0,0,635
20151021,彰化縣,416,13,33,22,47,13,0,370,20,19,0,0,1053
20151021,新北市,673,35,67,16,114,113,0,677,47,439,0,0,2354
20151021,新竹市,150,8,12,1,16,19,0,478,22,92,0,0,868
20151021,新竹縣,178,3,8,0,15,18,0,242,15,30,0,0,554
20151021,桃園市,546,22,69,15,95,30,0,1006,74,237,0,0,2443
20151021,澎湖縣,35,0,1,0,2,1,0,8,6,5,0,0,63
20151021,臺中市,618,35,83,7,78,40,0,570,34,208,0,0,1949
20151021,臺北市,351,31,91,7,96,82,0,1145,14,692,0,0,2817
20151021,臺南市,457,25,70,6,85,88,0,868,40,86,0,0,1814
20151021,臺東縣,101,4,3,2,11,3,0,127,5,7,0,0,283
20151021,花蓮縣,165,7,14,5,18,17,0,145,10,21,0,0,431
20151021,苗栗縣,226,6,18,3,26,22,0,449,10,32,0,0,807
20151021,連江縣,3,0,0,0,0,0,0,8,1,0,0,0,14
20151021,金門縣,20,0,5,0,3,2,0,23,5,6,0,0,66
20151021,雲林縣,277,9,15,1,30,27,0,273,14,11,0,0,701
20151021,高雄市,692,20,79,11,114,143,0,1004,39,242,0,0,2458
20160321,南投縣,179,3,20,1,18,14,0,164,11,30,0,0,470
20160321,嘉義市,101,8,15,5,24,21,0,133,8,20,0,0,352
20160321,嘉義縣,97,2,3,0,10,6,0,141,2,7,0,0,285
20160321,基隆市,102,4,6,2,18,17,0,44,9,24,0,0,281
20160321,宜蘭縣,93,5,15,4,13,12,0,196,4,65,0,0,454
20160321,屏東縣,281,7,19,0,33,35,0,165,21,32,0,0,617
20160321,彰化縣,400,13,31,19,39,14,0,330,19,19,0,0,978
20160321,新北市,657,36,66,16,112,116,0,654,47,434,0,0,2301
20160321,新竹市,139,8,10,0,16,17,0,408,21,89,0,0,775
20160321,新竹縣,171,3,8,0,14,16,0,210,16,29,0,0,509
20160321,桃園市,521,22,70,13,92,30,0,951,71,234,0,0,2334
20160321,澎湖縣,35,0,1,0,2,0,0,7,4,5,0,0,58
20160321,臺中市,578,35,80,5,74,29,0,502,34,196,0,0,1782
20160321,臺北市,351,29,91,7,96,93,0,1109,14,670,0,0,2767
20160321,臺南市,436,23,69,6,82,77,0,813,40,83,0,0,1714
20160321,臺東縣,94,3,3,2,10,3,0,112,4,6,0,0,254
20160321,花蓮縣,157,6,14,5,17,14,0,133,9,20,0,0,400
20160321,苗栗縣,224,6,18,3,26,18,0,440,10,33,0,0,793
20160321,連江縣,3,0,0,0,0,0,0,8,1,0,0,0,14
20160321,金門縣,20,0,5,0,2,2,0,23,5,6,0,0,66
20160321,雲林縣,276,7,16,1,29,21,0,259,14,11,0,0,673
20160321,高雄市,659,20,77,8,106,143,0,917,36,238,0,0,2302
20160530,南投縣,177,3,19,0,17,15,0,146,13,29,0,0,446
20160530,嘉義市,100,8,16,4,24,20,0,120,9,19,0,0,335
20160530,嘉義縣,100,2,3,0,10,6,0,138,2,7,0,0,285
20160530,基隆市,93,4,6,2,17,19,0,38,8,24,0,0,267
20160530,宜蘭縣,96,5,15,3,13,11,0,189,4,67,0,0,449
20160530,屏東縣,282,7,19,0,34,38,0,156,24,29,0,0,613
20160530,彰化縣,379,13,30,14,29,11,0,279,18,19,0,0,881
20160530,新北市,657,35,66,15,112,116,0,652,47,435,0,0,2297
20160530,新竹市,130,8,10,0,14,18,0,349,21,85,0,0,695
20160530,新竹縣,166,3,8,0,12,18,0,173,15,27,0,0,462
20160530,桃園市,515,22,69,12,92,45,0,876,71,231,0,0,2230
20160530,澎湖縣,35,0,1,0,2,0,0,6,4,5,0,0,56
20160530,臺中市,571,35,76,4,70,25,0,461,32,190,0,0,1707
20160530,臺北市,352,29,91,7,97,92,0,1106,15,666,0,0,2761
20160530,臺南市,439,24,69,6,74,76,0,708,39,86,0,0,1617
20160530,臺東縣,97,3,3,1,10,4,0,105,4,6,0,0,249
20160530,花蓮縣,141,5,14,4,16,16,0,117,8,21,0,0,370
20160530,苗栗縣,215,6,18,3,27,16,0,415,9,31,0,0,756
20160530,連江縣,3,0,0,0,0,0,0,7,1,0,0,0,13
20160530,金門縣,19,0,5,0,2,2,0,20,5,5,0,0,60
20160530,雲林縣,232,6,16,1,29,21,0,231,14,12,0,0,598
20160530,高雄市,657,20,77,8,107,142,0,912,36,239,0,0,2295
20161020,南投縣,177,2,15,2,14,4,0,157,6,23,0,0,428
20161020,嘉義市,114,9,22,4,26,24,0,171,7,23,0,0,419
20161020,嘉義縣,120,2,3,0,4,5,0,166,2,10,0,0,326
20161020,基隆市,93,5,9,1,12,16,0,51,4,38,0,0,272
20161020,宜蘭縣,108,2,15,4,17,10,0,197,3,60,0,0,463
20161020,屏東縣,289,5,17,0,24,28,0,197,25,34,0,0,653
20161020,彰化縣,381,11,38,17,27,24,0,345,10,23,0,0,979
20161020,新北市,683,34,81,25,108,101,0,769,40,512,0,0,2578
20161020,新竹市,130,9,16,1,12,21,0,444,21,113,0,0,846
20161020,新竹縣,174,1,10,0,11,17,0,250,10,39,0,0,566
20161020,桃園市,550,29,60,15,81,58,0,1222,65,267,0,0,2668
20161020,澎湖縣,38,0,0,0,1,0,0,13,1,17,0,0,73
20161020,臺中市,607,30,85,4,60,27,0,548,19,231,0,0,1873
20161020,臺北市,309,33,88,9,84,89,0,1154,13,759,0,0,2872
20161020,臺南市,446,30,55,5,71,70,0,782,36,109,0,0,1688
20161020,臺東縣,91,2,5,2,11,3,0,117,4,7,0,0,256
20161020,花蓮縣,151,5,8,4,14,15,0,120,4,32,0,0,378
20161020,苗栗縣,199,6,17,4,17,11,0,463,9,40,0,0,785
20161020,連江縣,1,0,0,0,0,0,0,6,0,0,0,0,9
20161020,金門縣,27,1,4,0,4,3,0,37,9,5,0,0,91
20161020,雲林縣,253,9,19,1,19,24,0,333,11,16,0,0,715
20161020,高雄市,686,22,80,11,98,145,0,867,35,258,0,0,2313
20170320,南投縣,169,2,15,3,12,6,0,154,6,23,0,0,416
20170320,嘉義市,115,9,22,5,27,22,0,169,7,21,0,0,417
20170320,嘉義縣,118,2,3,0,4,5,0,157,2,10,0,0,313
20170320,基隆市,91,5,9,1,15,18,0,55,4,37,0,0,280
20170320,宜蘭縣,94,2,15,4,17,9,0,190,3,59,0,0,437
20170320,屏東縣,273,5,18,0,23,31,0,192,25,36,0,0,634
20170320,彰化縣,370,11,39,16,27,21,0,329,9,23,0,0,955
20170320,新北市,678,35,80,24,108,100,0,756,40,509,0,0,2546
20170320,新竹市,130,9,16,1,12,21,0,401,21,111,0,0,799
20170320,新竹縣,167,1,10,0,11,17,0,242,11,39,0,0,547
20170320,桃園市,543,28,56,14,80,55,0,1175,64,268,0,0,2585
20170320,澎湖縣,37,0,0,0,1,0,0,13,1,16,0,0,72
20170320,臺中市,591,30,87,4,59,24,0,516,20,221,0,0,1807
20170320,臺北市,311,34,89,9,85,90,0,1144,14,771,0,0,2882
20170320,臺南市,440,32,54,5,69,71,0,768,36,110,0,0,1672
20170320,臺東縣,90,2,5,1,11,4,0,110,4,8,0,0,249
20170320,花蓮縣,131,5,9,4,15,16,0,106,3,32,0,0,345
20170320,苗栗縣,195,6,17,4,17,11,0,453,9,40,0,0,771
20170320,連江縣,1,0,0,0,0,0,0,6,0,1,0,0,10
20170320,金門縣,23,1,4,0,3,3,0,36,8,5,0,0,84
20170320,雲林縣,261,9,20,1,19,24,0,324,11,16,0,0,713
20170320,高雄市,677,19,80,12,91,154,0,832,32,260,0,0,2273
20170531,南投縣,168,2,15,3,12,6,0,154,6,23,0,0,415
20170531,嘉義市,114,9,22,4,27,21,0,162,7,22,0,0,408
20170531,嘉義縣,119,2,3,0,4,5,0,157,2,10,0,0,314
20170531,基隆市,91,5,9,1,15,18,0,55,4,37,0,0,280
20170531,宜蘭縣,94,2,15,4,17,9,0,189,3,57,0,0,433
20170531,屏東縣,273,5,18,0,22,31,0,192,25,36,0,0,634
20170531,彰化縣,371,11,39,16,27,21,0,327,9,23,0,0,949
20170531,新北市,674,35,80,24,108,99,0,755,39,509,0,0,2536
20170531,新竹市,130,9,16,1,12,21,0,398,23,111,0,0,797
20170531,新竹縣,163,1,10,0,11,17,0,240,11,39,0,0,537
20170531,桃園市,544,28,56,14,81,55,0,1173,64,268,0,0,2588
20170531,澎湖縣,37,0,0,0,1,0,0,13,1,16,0,0,72
20170531,臺中市,589,30,87,4,59,24,0,512,20,221,0,0,1801
20170531,臺北市,311,34,89,7,85,87,0,1138,14,770,0,0,2864
20170531,臺南市,439,32,54,5,69,71,0,764,36,110,0,0,1666
20170531,臺東縣,88,2,5,1,11,4,0,109,4,8,0,0,246
20170531,花蓮縣,131,5,8,4,15,16,0,106,3,32,0,0,345
20170531,苗栗縣,198,6,17,4,17,11,0,455,9,40,0,0,776
20170531,連江縣,1,0,0,0,0,0,0,6,0,1,0,0,10
20170531,金門縣,23,1,4,0,3,3,0,36,8,5,0,0,84
20170531,雲林縣,260,9,20,1,19,24,0,320,11,16,0,0,708
20170531,高雄市,667,19,80,11,91,153,0,825,32,258,0,0,2250
20171020,南投縣,191,5,11,3,14,5,0,174,9,26,0,0,469
20171020,嘉義市,112,11,23,3,27,21,0,181,8,25,0,0,431
20171020,嘉義縣,122,1,5,0,6,9,0,183,1,13,1,0,353
20171020,基隆市,83,4,12,2,14,16,0,81,2,47,0,0,311
20171020,宜蘭縣,106,4,13,3,14,7,0,207,2,63,0,0,468
20171020,屏東縣,274,4,13,0,21,35,0,206,18,47,0,0,644
20171020,彰化縣,349,9,29,11,16,14,0,380,4,29,0,0,933
20171020,新北市,722,35,88,35,108,96,0,867,38,558,0,0,2807
20171020,新竹市,130,5,17,0,12,21,0,420,13,114,0,0,805
20171020,新竹縣,166,0,17,2,14,15,0,269,6,50,0,0,587
20171020,桃園市,587,30,58,18,60,68,0,1365,57,312,0,0,2924
20171020,澎湖縣,32,0,4,1,2,0,0,18,2,19,0,0,83
20171020,臺中市,573,32,95,7,42,22,0,498,12,226,0,0,1770
20171020,臺北市,269,33,85,8,73,74,0,1206,18,861,0,0,2989
20171020,臺南市,450,30,49,5,41,54,0,735,28,136,0,0,1608
20171020,臺東縣,90,0,4,0,14,2,0,106,8,12,0,0,252
20171020,花蓮縣,116,3,12,5,18,10,0,143,4,34,0,0,370
20171020,苗栗縣,209,3,16,1,18,7,0,404,6,38,0,0,721
20171020,連江縣,2,0,0,0,0,0,0,5,0,3,0,0,12
20171020,金門縣,22,1,1,0,3,1,0,40,9,4,0,0,84
20171020,雲林縣,277,6,20,0,14,18,0,355,10,22,0,0,755
20171020,高雄市,662,16,71,15,90,155,0,901,30,297,0,0,2359
20180320,南投縣,184,5,12,3,14,4,0,167,9,25,0,0,454
20180320,嘉義市,107,10,23,3,27,20,0,175,8,24,0,0,420
20180320,嘉義縣,113,1,5,0,5,7,0,166,1,11,1,0,321
20180320,基隆市,81,4,12,2,14,17,0,82,1,49,0,0,309
20180320,宜蘭縣,90,4,12,3,14,8,0,181,2,56,0,0,416
20180320,屏東縣,268,4,13,0,20,38,0,197,18,48,0,0,631
20180320,彰化縣,354,9,29,11,19,11,0,357,5,29,0,0,923
20180320,新北市,707,36,87,34,106,94,0,850,39,553,0,0,2763
20180320,新竹市,136,5,15,0,12,20,0,391,13,109,0,0,778
20180320,新竹縣,155,0,18,2,13,15,0,244,6,51,0,0,548
20180320,桃園市,566,28,57,18,60,68,0,1249,56,310,0,0,2763
20180320,澎湖縣,31,0,4,1,2,0,0,18,2,18,0,0,81
20180320,臺中市,559,32,93,7,42,20,0,473,12,219,0,0,1708
20180320,臺北市,267,33,85,8,70,75,0,1169,18,841,0,0,2939
20180320,臺南市,444,30,48,5,42,52,0,697,27,138,0,0,1566
20180320,臺東縣,89,0,3,0,12,3,0,95,8,12,0,0,237
20180320,花蓮縣,109,3,13,5,18,12,0,143,4,33,0,0,365
20180320,苗栗縣,204,3,16,1,19,8,0,399,6,36,0,0,711
20180320,連江縣,2,0,0,0,0,0,0,5,0,3,0,0,12
20180320,金門縣,23,1,1,0,3,1,0,38,7,4,0,0,81
20180320,雲林縣,272,5,21,0,14,16,0,333,11,22,0,0,729
20180320,高雄市,664,18,71,15,90,166,0,863,29,306,0,0,2349
20180528,南投縣,180,5,12,3,14,4,0,170,9,25,0,0,454
20180528,嘉義市,106,11,23,3,27,21,0,172,8,24,0,0,417
20180528,嘉義縣,110,1,5,0,5,7,0,165,1,10,0,0,315
20180528,基隆市,80,4,12,2,13,16,0,83,1,49,0,0,307
20180528,宜蘭縣,90,4,12,3,14,7,0,181,3,56,0,0,416
20180528,屏東縣,267,4,13,0,20,37,0,197,19,48,0,0,629
20180528,彰化縣,348,9,29,11,17,10,0,341,6,29,0,0,896
20180528,新北市,705,37,85,34,106,91,0,833,38,554,0,0,2733
20180528,新竹市,135,5,15,0,12,20,0,387,13,110,0,0,775
20180528,新竹縣,153,0,18,2,13,14,0,243,5,52,0,0,546
20180528,桃園市,564,28,57,18,60,68,0,1248,56,309,0,0,2756
20180528,澎湖縣,31,0,4,1,2,0,0,18,2,18,0,0,81
20180528,臺中市,559,32,93,7,43,20,0,467,12,218,0,0,1700
20180528,臺北市,270,32,86,8,68,74,0,1173,18,839,0,0,2941
20180528,臺南市,443,31,48,5,42,52,0,696,27,138,0,0,1565
20180528,臺東縣,88,0,3,0,12,3,0,93,8,12,0,0,234
20180528,花蓮縣,109,3,13,5,18,12,0,138,4,32,0,0,358
20180528,苗栗縣,202,3,16,1,19,8,0,399,6,36,0,0,709
20180528,連江縣,2,0,0,0,0,0,0,5,0,3,0,0,12
20180528,金門縣,23,1,1,0,3,1,0,37,7,4,0,0,80
20180528,雲林縣,269,5,21,0,14,16,0,331,11,22,0,0,724
20180528,高雄市,658,18,71,15,90,164,0,860,29,307,0,0,2339
20181020,南投縣,179,10,10,3,11,8,0,199,5,20,0,0,480
20181020,嘉義市,107,7,24,3,19,18,0,209,5,31,0,0,450
20181020,嘉義縣,114,1,4,0,5,8,0,166,0,14,0,0,322
20181020,基隆市,80,4,7,2,10,10,0,95,2,59,0,0,319
20181020,宜蘭縣,87,3,9,2,14,5,0,166,3,53,0,0,385
20181020,屏東縣,268,6,15,0,16,39,0,235,16,54,0,0,679
20181020,彰化縣,339,14,29,7,19,7,0,376,9,36,0,0,929
20181020,新北市,675,29,74,41,86,77,0,958,49,563,0,0,2826
20181020,新竹市,135,6,21,0,8,20,0,410,4,115,0,0,786
20181020,新竹縣,158,0,17,2,9,14,0,264,3,68,0,0,598
20181020,桃園市,582,27,60,19,58,56,0,1363,37,299,0,0,2871
20181020,澎湖縣,26,0,3,1,2,2,0,30,5,21,0,0,101
20181020,臺中市,547,26,88,7,32,9,0,422,13,214,0,0,1605
20181020,臺北市,213,31,86,10,65,60,0,1215,18,861,0,0,2940
20181020,臺南市,432,25,40,8,50,52,0,705,21,149,0,0,1552
20181020,臺東縣,103,0,4,1,15,3,0,102,13,13,0,0,265
20181020,花蓮縣,103,2,12,4,14,10,0,194,6,35,0,0,408
20181020,苗栗縣,190,2,16,1,11,5,0,358,6,46,0,0,654
20181020,連江縣,3,0,0,0,1,0,0,6,0,2,0,0,12
20181020,金門縣,24,2,0,0,2,0,0,48,7,5,0,0,90
20181020,雲林縣,264,3,20,1,9,12,0,419,10,27,0,0,810
20181020,高雄市,643,19,63,11,88,158,0,876,22,335,0,0,2324
20190320,南投縣,175,10,10,2,15,8,0,180,4,20,0,0,455
20190320,嘉義市,107,7,24,3,19,20,0,201,4,32,0,0,444
20190320,嘉義縣,113,1,4,0,4,9,0,160,0,13,0,0,316
20190320,基隆市,86,3,7,1,12,10,0,93,0,61,0,0,324
20190320,宜蘭縣,88,3,9,2,14,6,0,166,3,52,0,0,384
20190320,屏東縣,262,6,15,0,18,39,0,231,13,54,0,0,667
20190320,彰化縣,339,14,29,6,19,7,0,361,9,37,0,0,904
20190320,新北市,667,28,73,40,86,79,0,921,49,569,0,0,2792
20190320,新竹市,127,6,20,0,10,19,0,387,3,113,0,0,747
20190320,新竹縣,152,0,17,2,9,17,0,256,3,67,0,0,587
20190320,桃園市,563,26,58,19,56,61,0,1291,36,301,0,0,2773
20190320,澎湖縣,26,0,3,0,2,2,0,29,5,22,0,0,99
20190320,臺中市,545,28,88,7,32,9,0,408,13,211,0,0,1582
20190320,臺北市,211,30,82,9,66,59,0,1185,19,863,0,0,2905
20190320,臺南市,434,25,40,8,51,50,0,696,21,151,0,0,1547
20190320,臺東縣,103,0,4,1,14,4,0,102,12,13,0,0,265
20190320,花蓮縣,101,2,12,4,14,9,0,187,6,37,0,0,400
20190320,苗栗縣,185,2,15,1,11,5,0,352,6,47,0,0,648
20190320,連江縣,3,0,0,0,1,0,0,6,0,2,0,0,12
20190320,金門縣,23,2,0,0,2,0,0,47,7,4,0,0,87
20190320,雲林縣,255,3,20,1,9,12,0,405,10,27,0,0,789
20190320,高雄市,632,20,62,11,89,163,0,830,26,337,0,0,2283
20190528,南投縣,175,10,10,2,15,8,0,173,4,20,0,0,447
20190528,嘉義市,107,7,24,3,19,18,0,203,4,32,0,0,444
20190528,嘉義縣,110,1,4,0,4,8,0,160,0,13,0,0,312
20190528,基隆市,83,3,7,1,12,10,0,91,0,59,0,0,316
20190528,宜蘭縣,84,3,9,2,14,6,0,164,3,52,0,0,377
20190528,屏東縣,256,6,15,0,17,39,0,230,13,54,0,0,659
20190528,彰化縣,338,14,29,6,19,6,0,360,9,37,0,0,901
20190528,新北市,664,29,72,40,83,79,0,917,48,569,0,0,2782
20190528,新竹市,128,6,20,0,10,20,0,394,3,113,0,0,756
20190528,新竹縣,151,0,17,2,9,16,0,254,3,67,0,0,583
20190528,桃園市,558,26,58,19,56,61,0,1288,36,301,0,0,2761
20190528,澎湖縣,26,0,3,0,2,2,0,29,5,22,0,0,99
20190528,臺中市,540,28,88,7,32,9,0,407,13,209,0,0,1574
20190528,臺北市,211,30,82,9,65,58,0,1167,19,861,0,0,2879
20190528,臺南市,431,25,40,8,50,50,0,692,21,148,0,0,1536
20190528,臺東縣,103,0,4,1,14,4,0,100,12,13,0,0,263
20190528,花蓮縣,100,2,12,4,14,9,0,185,6,38,0,0,398
20190528,苗栗縣,185,2,15,1,11,5,0,351,6,47,0,0,646
20190528,連江縣,3,0,0,0,1,0,0,6,0,2,0,0,12
20190528,金門縣,23,2,0,0,2,0,0,46,7,4,0,0,86
20190528,雲林縣,254,3,20,1,9,12,0,405,10,27,0,0,786
20190528,高雄市,628,22,62,11,89,164,0,826,26,336,0,0,2276
